{
  "dialogGroupId": "DG-2024-001234",
  "callId": "CALL-5678-ABCD",
  "exportJobId": "EXP-JOB-9999",
  "metadataResult": {
    "metadata": {
      "duration": 324,
      "durationFormatted": "05:24",
      "channels": 2,
      "sampleRate": 8000,
      "format": "WAV",
      "fileSize": 15728640,
      "callId": "CALL-5678-ABCD",
      "dialogGroupId": "DG-2024-001234",
      "direction": "INBOUND",
      "queueName": "Sales",
      "queueId": "Q-001",
      "startTime": "2024-01-15T10:00:00Z",
      "endTime": "2024-01-15T10:05:24Z",
      "holdTime": 30,
      "talkTime": 294,
      "agentId": "AGENT-001",
      "agentName": "John Doe",
      "language": "en-US",
      "hasTranscript": true
    },
    "retrievedAt": "2024-01-15T10:42:30Z",
    "exportJobId": "EXP-JOB-9999",
    "dialogGroupId": "DG-2024-001234"
  },
  "downloadResult": {
    "status": "SUCCESS",
    "downloadLocation": "s3://audio-bucket/reconciled/2024/01/15/DG-2024-001234.wav",
    "fileSize": 15728640,
    "checksum": "abc123def456",
    "completedAt": "2024-01-15T10:45:00Z",
    "downloadTaskId": "DT-ABC123DEF456"
  },
  "tableName": "dev-reconciliation-table"
}
