{
  "Records": [
    {
      "messageId": "059f36b4-87a3-44ab-83d2-661975830a7d",
      "receiptHandle": "AQEBwJnKyrHigUMZj6rYigCgxlaS3SLy0a...",
      "body": "{\"dialogGroupId\":\"DG-2024-001234\",\"callId\":\"CALL-5678-ABCD\",\"originalTimestamp\":\"2024-01-15T10:30:00Z\",\"retryAttempt\":0,\"source\":\"RECONCILIATION_DETECTION\"}",
      "attributes": {
        "ApproximateReceiveCount": "1",
        "SentTimestamp": "1545082649636",
        "SenderId": "AIDAIENQZJOLO23YVJ4VO",
        "ApproximateFirstReceiveTimestamp": "1545082649649"
      },
      "messageAttributes": {
        "DialogGroupId": {
          "stringValue": "DG-2024-001234",
          "dataType": "String"
        }
      },
      "md5OfBody": "e4e68fb7bd0e697a0ae8f1bb342846b3",
      "eventSource": "aws:sqs",
      "eventSourceARN": "arn:aws:sqs:us-east-1:123456789012:reconciliation-queue",
      "awsRegion": "us-east-1"
    },
    {
      "messageId": "2e1424d4-f796-459a-8184-9c92662be6da",
      "receiptHandle": "AQEBzj6ee26lj4tbTjHLvW2...",
      "body": "{\"dialogGroupId\":\"DG-2024-005678\",\"callId\":\"CALL-9999-EFGH\",\"originalTimestamp\":\"2024-01-15T10:31:00Z\",\"retryAttempt\":0,\"source\":\"RECONCILIATION_DETECTION\"}",
      "attributes": {
        "ApproximateReceiveCount": "1",
        "SentTimestamp": "1545082650636",
        "SenderId": "AIDAIENQZJOLO23YVJ4VO",
        "ApproximateFirstReceiveTimestamp": "1545082650649"
      },
      "messageAttributes": {
        "DialogGroupId": {
          "stringValue": "DG-2024-005678",
          "dataType": "String"
        }
      },
      "md5OfBody": "e4e68fb7bd0e697a0ae8f1bb342846b4",
      "eventSource": "aws:sqs",
      "eventSourceARN": "arn:aws:sqs:us-east-1:123456789012:reconciliation-queue",
      "awsRegion": "us-east-1"
    }
  ]
}
