{
  "input": {
    "dialogGroupId": "DG-2024-001234",
    "callId": "CALL-5678-ABCD",
    "originalTimestamp": "2024-01-15T10:30:00Z",
    "retryAttempt": 0,
    "source": "RECONCILIATION_DETECTION",
    "triggeredAt": "2024-01-15T10:35:00Z"
  },
  "config": {
    "globalTimeoutSeconds": 21600,
    "downloadTimeoutSeconds": 18000,
    "downloadHeartbeatSeconds": 600,
    "pollingIntervalSeconds": 300,
    "maxPollingRetries": 6,
    "tableName": "dev-reconciliation-table",
    "dlqUrl": "https://sqs.us-east-1.amazonaws.com/123456789012/dev-reconciliation-dlq"
  }
}
