{
  "Comment": "Audio File Reconciliation Process - Polls OCP Export API and processes audio files with configurable timeouts",
  "StartAt": "Initialize",
  "TimeoutSecondsPath": "$.config.globalTimeoutSeconds",
  "States": {
    
    "Initialize": {
      "Type": "Pass",
      "Comment": "Initialize execution context with retry counter, timestamps, and configuration",
      "Parameters": {
        "input.$": "$",
        "context": {
          "retryCount": 0,
          "maxRetries.$": "$.config.maxPollingRetries",
          "startedAt.$": "$$.Execution.StartTime",
          "executionId.$": "$$.Execution.Id",
          "executionName.$": "$$.Execution.Name"
        },
        "config.$": "$.config"
      },
      "ResultPath": "$",
      "Next": "CreateExportJobAndUpdateStatus"
    },

    "CreateExportJobAndUpdateStatus": {
      "Type": "Task",
      "Comment": "Call OCP Export API to create export job AND update DynamoDB in single Lambda",
      "Resource": "${CreateExportJobFunctionArn}",
      "Parameters": {
        "dialogGroupId.$": "$.input.dialogGroupId",
        "callId.$": "$.input.callId",
        "executionArn.$": "$.context.executionId",
        "requestedAt.$": "$$.State.EnteredTime",
        "tableName.$": "$.config.tableName"
      },
      "ResultPath": "$.exportJob",
      "Retry": [
        {
          "ErrorEquals": ["OCPAPIThrottlingError", "OCPAPITimeoutError"],
          "IntervalSeconds": 30,
          "MaxAttempts": 3,
          "BackoffRate": 2.0
        },
        {
          "ErrorEquals": ["Lambda.ServiceException", "Lambda.TooManyRequestsException"],
          "IntervalSeconds": 5,
          "MaxAttempts": 3,
          "BackoffRate": 2.0
        }
      ],
      "Catch": [
        {
          "ErrorEquals": ["OCPAPIError"],
          "ResultPath": "$.error",
          "Next": "HandleOCPAPIError"
        },
        {
          "ErrorEquals": ["States.ALL"],
          "ResultPath": "$.error",
          "Next": "HandleUnexpectedError"
        }
      ],
      "Next": "WaitForExportJob"
    },

    "WaitForExportJob": {
      "Type": "Wait",
      "Comment": "Wait before checking export job status (configurable interval)",
      "SecondsPath": "$.config.pollingIntervalSeconds",
      "Next": "CheckExportJobStatus"
    },

    "CheckExportJobStatus": {
      "Type": "Task",
      "Comment": "Query OCP Export API for job status",
      "Resource": "${CheckExportStatusFunctionArn}",
      "Parameters": {
        "exportJobId.$": "$.exportJob.exportJobId",
        "dialogGroupId.$": "$.input.dialogGroupId"
      },
      "ResultPath": "$.statusCheck",
      "Retry": [
        {
          "ErrorEquals": ["OCPAPIThrottlingError", "OCPAPITimeoutError"],
          "IntervalSeconds": 15,
          "MaxAttempts": 3,
          "BackoffRate": 2.0
        }
      ],
      "Catch": [
        {
          "ErrorEquals": ["States.ALL"],
          "ResultPath": "$.error",
          "Next": "HandleStatusCheckError"
        }
      ],
      "Next": "IncrementRetryCounter"
    },

    "IncrementRetryCounter": {
      "Type": "Pass",
      "Comment": "Increment the retry counter for loop control",
      "Parameters": {
        "input.$": "$.input",
        "exportJob.$": "$.exportJob",
        "statusCheck.$": "$.statusCheck",
        "config.$": "$.config",
        "context": {
          "retryCount.$": "States.MathAdd($.context.retryCount, 1)",
          "maxRetries.$": "$.context.maxRetries",
          "startedAt.$": "$.context.startedAt",
          "executionId.$": "$.context.executionId",
          "executionName.$": "$.context.executionName"
        }
      },
      "Next": "EvaluateExportStatus"
    },

    "EvaluateExportStatus": {
      "Type": "Choice",
      "Comment": "Determine next action based on export job status and retry count",
      "Choices": [
        {
          "Variable": "$.statusCheck.status",
          "StringEquals": "COMPLETED",
          "Next": "UpdateStatusExportCompleted"
        },
        {
          "Variable": "$.statusCheck.status",
          "StringEquals": "FAILED",
          "Next": "HandleExportJobFailed"
        },
        {
          "And": [
            {
              "Variable": "$.statusCheck.status",
              "StringEquals": "IN_PROGRESS"
            },
            {
              "Variable": "$.context.retryCount",
              "NumericGreaterThanEqualsPath": "$.context.maxRetries"
            }
          ],
          "Next": "HandleMaxRetriesExceeded"
        },
        {
          "Variable": "$.statusCheck.status",
          "StringEquals": "IN_PROGRESS",
          "Next": "UpdateStatusPolling"
        }
      ],
      "Default": "HandleUnknownStatus"
    },

    "UpdateStatusPolling": {
      "Type": "Task",
      "Comment": "Update DynamoDB with current polling iteration",
      "Resource": "arn:aws:states:::dynamodb:updateItem",
      "Parameters": {
        "TableName.$": "$.config.tableName",
        "Key": {
          "PK": {
            "S.$": "States.Format('CALL#{}', $.input.dialogGroupId)"
          },
          "SK": {
            "S": "RECONCILIATION"
          }
        },
        "UpdateExpression": "SET exportJobStatus = :status, pollingIteration = :iteration, lastPolledAt = :now, lastUpdated = :now",
        "ExpressionAttributeValues": {
          ":status": {
            "S": "POLLING"
          },
          ":iteration": {
            "N.$": "States.Format('{}', $.context.retryCount)"
          },
          ":now": {
            "S.$": "$$.State.EnteredTime"
          }
        }
      },
      "ResultPath": "$.dynamoResult",
      "Next": "WaitForExportJob"
    },

    "UpdateStatusExportCompleted": {
      "Type": "Task",
      "Comment": "Update DynamoDB - export job completed successfully",
      "Resource": "arn:aws:states:::dynamodb:updateItem",
      "Parameters": {
        "TableName.$": "$.config.tableName",
        "Key": {
          "PK": {
            "S.$": "States.Format('CALL#{}', $.input.dialogGroupId)"
          },
          "SK": {
            "S": "RECONCILIATION"
          }
        },
        "UpdateExpression": "SET exportJobStatus = :status, exportCompletedAt = :completedAt, lastUpdated = :now, totalPollingIterations = :iterations",
        "ExpressionAttributeValues": {
          ":status": {
            "S": "EXPORT_COMPLETED"
          },
          ":completedAt": {
            "S.$": "$$.State.EnteredTime"
          },
          ":now": {
            "S.$": "$$.State.EnteredTime"
          },
          ":iterations": {
            "N.$": "States.Format('{}', $.context.retryCount)"
          }
        }
      },
      "ResultPath": "$.dynamoResult",
      "Next": "ParallelProcessing"
    },

    "ParallelProcessing": {
      "Type": "Parallel",
      "Comment": "Execute metadata retrieval and file download in parallel",
      "Branches": [
        {
          "StartAt": "GetExportMetadata",
          "States": {
            "GetExportMetadata": {
              "Type": "Task",
              "Comment": "Retrieve metadata from OCP Export API",
              "Resource": "${GetExportMetadataFunctionArn}",
              "Parameters": {
                "exportJobId.$": "$.exportJob.exportJobId",
                "dialogGroupId.$": "$.input.dialogGroupId"
              },
              "ResultPath": "$.metadata",
              "Retry": [
                {
                  "ErrorEquals": ["OCPAPIThrottlingError"],
                  "IntervalSeconds": 10,
                  "MaxAttempts": 3,
                  "BackoffRate": 2.0
                }
              ],
              "End": true
            }
          }
        },
        {
          "StartAt": "NotifyDownloadService",
          "States": {
            "NotifyDownloadService": {
              "Type": "Task",
              "Comment": "Send download task to Fargate and wait for callback",
              "Resource": "arn:aws:states:::lambda:invoke.waitForTaskToken",
              "Parameters": {
                "FunctionName": "${NotifyDownloadServiceFunctionArn}",
                "Payload": {
                  "taskToken.$": "$$.Task.Token",
                  "exportJobId.$": "$.exportJob.exportJobId",
                  "dialogGroupId.$": "$.input.dialogGroupId",
                  "callId.$": "$.input.callId",
                  "downloadUrl.$": "$.statusCheck.downloadUrl",
                  "config": {
                    "timeoutSeconds.$": "$.config.downloadTimeoutSeconds",
                    "heartbeatSeconds.$": "$.config.downloadHeartbeatSeconds"
                  }
                }
              },
              "TimeoutSecondsPath": "$.config.downloadTimeoutSeconds",
              "HeartbeatSecondsPath": "$.config.downloadHeartbeatSeconds",
              "Retry": [
                {
                  "ErrorEquals": ["Lambda.ServiceException"],
                  "IntervalSeconds": 5,
                  "MaxAttempts": 2,
                  "BackoffRate": 2.0
                }
              ],
              "Catch": [
                {
                  "ErrorEquals": ["States.Timeout"],
                  "ResultPath": "$.downloadError",
                  "Next": "HandleDownloadTimeout"
                },
                {
                  "ErrorEquals": ["States.HeartbeatTimeout"],
                  "ResultPath": "$.downloadError",
                  "Next": "HandleDownloadHeartbeatTimeout"
                },
                {
                  "ErrorEquals": ["DownloadServiceError"],
                  "ResultPath": "$.downloadError",
                  "Next": "HandleDownloadServiceError"
                }
              ],
              "ResultPath": "$.downloadResult",
              "End": true
            },
            "HandleDownloadTimeout": {
              "Type": "Pass",
              "Comment": "Download exceeded maximum allowed time",
              "Parameters": {
                "downloadResult": {
                  "status": "DOWNLOAD_TIMEOUT",
                  "errorType": "States.Timeout",
                  "error.$": "States.Format('Download did not complete within {} seconds', $.config.downloadTimeoutSeconds)"
                }
              },
              "OutputPath": "$.downloadResult",
              "End": true
            },
            "HandleDownloadHeartbeatTimeout": {
              "Type": "Pass",
              "Comment": "Download service stopped sending heartbeats",
              "Parameters": {
                "downloadResult": {
                  "status": "DOWNLOAD_HEARTBEAT_TIMEOUT",
                  "errorType": "States.HeartbeatTimeout",
                  "error.$": "States.Format('No heartbeat received within {} seconds - download service may be stuck', $.config.downloadHeartbeatSeconds)"
                }
              },
              "OutputPath": "$.downloadResult",
              "End": true
            },
            "HandleDownloadServiceError": {
              "Type": "Pass",
              "Comment": "Download service reported an error",
              "Parameters": {
                "downloadResult": {
                  "status": "DOWNLOAD_SERVICE_ERROR",
                  "errorType": "DownloadServiceError",
                  "error.$": "$.downloadError.Cause"
                }
              },
              "OutputPath": "$.downloadResult",
              "End": true
            }
          }
        }
      ],
      "ResultPath": "$.parallelResults",
      "Catch": [
        {
          "ErrorEquals": ["States.ALL"],
          "ResultPath": "$.parallelError",
          "Next": "HandleParallelError"
        }
      ],
      "Next": "EvaluateParallelResults"
    },

    "EvaluateParallelResults": {
      "Type": "Choice",
      "Comment": "Check if download completed successfully or had errors",
      "Choices": [
        {
          "Variable": "$.parallelResults[1].status",
          "StringEquals": "DOWNLOAD_TIMEOUT",
          "Next": "HandleDownloadFailure"
        },
        {
          "Variable": "$.parallelResults[1].status",
          "StringEquals": "DOWNLOAD_HEARTBEAT_TIMEOUT",
          "Next": "HandleDownloadFailure"
        },
        {
          "Variable": "$.parallelResults[1].status",
          "StringEquals": "DOWNLOAD_SERVICE_ERROR",
          "Next": "HandleDownloadFailure"
        }
      ],
      "Default": "ProcessSuccessfulResults"
    },

    "ProcessSuccessfulResults": {
      "Type": "Task",
      "Comment": "Consolidate successful results from parallel branches",
      "Resource": "${ProcessParallelResultsFunctionArn}",
      "Parameters": {
        "dialogGroupId.$": "$.input.dialogGroupId",
        "callId.$": "$.input.callId",
        "exportJobId.$": "$.exportJob.exportJobId",
        "metadataResult.$": "$.parallelResults[0]",
        "downloadResult.$": "$.parallelResults[1]",
        "tableName.$": "$.config.tableName"
      },
      "ResultPath": "$.consolidatedResult",
      "Next": "UpdateFinalStatusSuccess"
    },

    "UpdateFinalStatusSuccess": {
      "Type": "Task",
      "Comment": "Update DynamoDB with successful reconciliation status",
      "Resource": "arn:aws:states:::dynamodb:updateItem",
      "Parameters": {
        "TableName.$": "$.config.tableName",
        "Key": {
          "PK": {
            "S.$": "States.Format('CALL#{}', $.input.dialogGroupId)"
          },
          "SK": {
            "S": "RECONCILIATION"
          }
        },
        "UpdateExpression": "SET reconciliationStatus = :status, completedAt = :completedAt, lastUpdated = :now, metadata = :metadata, downloadLocation = :downloadLoc, processingDurationMs = :duration",
        "ExpressionAttributeValues": {
          ":status": {
            "S": "COMPLETED"
          },
          ":completedAt": {
            "S.$": "$$.State.EnteredTime"
          },
          ":now": {
            "S.$": "$$.State.EnteredTime"
          },
          ":metadata": {
            "S.$": "States.JsonToString($.consolidatedResult.metadata)"
          },
          ":downloadLoc": {
            "S.$": "$.consolidatedResult.downloadLocation"
          },
          ":duration": {
            "N.$": "States.Format('{}', $.consolidatedResult.processingDurationMs)"
          }
        }
      },
      "ResultPath": "$.finalUpdate",
      "Next": "ReconciliationSuccess"
    },

    "ReconciliationSuccess": {
      "Type": "Succeed",
      "Comment": "Reconciliation completed successfully"
    },

    "HandleDownloadFailure": {
      "Type": "Task",
      "Comment": "Handle download failures (timeout, heartbeat timeout, or service error)",
      "Resource": "arn:aws:states:::dynamodb:updateItem",
      "Parameters": {
        "TableName.$": "$.config.tableName",
        "Key": {
          "PK": {
            "S.$": "States.Format('CALL#{}', $.input.dialogGroupId)"
          },
          "SK": {
            "S": "RECONCILIATION"
          }
        },
        "UpdateExpression": "SET reconciliationStatus = :status, failureReason = :reason, downloadErrorType = :errorType, failedAt = :failedAt, lastUpdated = :now, metadata = :metadata",
        "ExpressionAttributeValues": {
          ":status": {
            "S.$": "States.Format('FAILED_{}', $.parallelResults[1].status)"
          },
          ":reason": {
            "S.$": "$.parallelResults[1].error"
          },
          ":errorType": {
            "S.$": "$.parallelResults[1].errorType"
          },
          ":failedAt": {
            "S.$": "$$.State.EnteredTime"
          },
          ":now": {
            "S.$": "$$.State.EnteredTime"
          },
          ":metadata": {
            "S.$": "States.JsonToString($.parallelResults[0])"
          }
        }
      },
      "ResultPath": "$.failureUpdate",
      "Next": "SendToDeadLetterQueue"
    },

    "HandleStatusCheckError": {
      "Type": "Choice",
      "Comment": "Decide whether to retry status check or fail",
      "Choices": [
        {
          "Variable": "$.context.retryCount",
          "NumericLessThanPath": "$.context.maxRetries",
          "Next": "WaitBeforeStatusRetry"
        }
      ],
      "Default": "HandleMaxRetriesExceeded"
    },

    "WaitBeforeStatusRetry": {
      "Type": "Wait",
      "Comment": "Wait before retrying status check after error",
      "Seconds": 60,
      "Next": "IncrementRetryCounterForError"
    },

    "IncrementRetryCounterForError": {
      "Type": "Pass",
      "Comment": "Increment retry counter after error wait",
      "Parameters": {
        "input.$": "$.input",
        "exportJob.$": "$.exportJob",
        "config.$": "$.config",
        "error.$": "$.error",
        "context": {
          "retryCount.$": "States.MathAdd($.context.retryCount, 1)",
          "maxRetries.$": "$.context.maxRetries",
          "startedAt.$": "$.context.startedAt",
          "executionId.$": "$.context.executionId",
          "executionName.$": "$.context.executionName"
        }
      },
      "Next": "CheckExportJobStatus"
    },

    "HandleExportJobFailed": {
      "Type": "Task",
      "Comment": "Handle case where OCP export job failed",
      "Resource": "arn:aws:states:::dynamodb:updateItem",
      "Parameters": {
        "TableName.$": "$.config.tableName",
        "Key": {
          "PK": {
            "S.$": "States.Format('CALL#{}', $.input.dialogGroupId)"
          },
          "SK": {
            "S": "RECONCILIATION"
          }
        },
        "UpdateExpression": "SET reconciliationStatus = :status, failureReason = :reason, failedAt = :failedAt, lastUpdated = :now, totalPollingAttempts = :attempts",
        "ExpressionAttributeValues": {
          ":status": {
            "S": "FAILED_EXPORT_ERROR"
          },
          ":reason": {
            "S.$": "$.statusCheck.errorMessage"
          },
          ":failedAt": {
            "S.$": "$$.State.EnteredTime"
          },
          ":now": {
            "S.$": "$$.State.EnteredTime"
          },
          ":attempts": {
            "N.$": "States.Format('{}', $.context.retryCount)"
          }
        }
      },
      "ResultPath": "$.failureUpdate",
      "Next": "SendToDeadLetterQueue"
    },

    "HandleMaxRetriesExceeded": {
      "Type": "Task",
      "Comment": "Handle case where max polling retries exceeded",
      "Resource": "arn:aws:states:::dynamodb:updateItem",
      "Parameters": {
        "TableName.$": "$.config.tableName",
        "Key": {
          "PK": {
            "S.$": "States.Format('CALL#{}', $.input.dialogGroupId)"
          },
          "SK": {
            "S": "RECONCILIATION"
          }
        },
        "UpdateExpression": "SET reconciliationStatus = :status, failureReason = :reason, failedAt = :failedAt, lastUpdated = :now, totalPollingAttempts = :attempts",
        "ExpressionAttributeValues": {
          ":status": {
            "S": "FAILED_MAX_RETRIES"
          },
          ":reason": {
            "S.$": "States.Format('Export job did not complete within {} polling attempts', $.context.maxRetries)"
          },
          ":failedAt": {
            "S.$": "$$.State.EnteredTime"
          },
          ":now": {
            "S.$": "$$.State.EnteredTime"
          },
          ":attempts": {
            "N.$": "States.Format('{}', $.context.retryCount)"
          }
        }
      },
      "ResultPath": "$.failureUpdate",
      "Next": "SendToDeadLetterQueue"
    },

    "HandleOCPAPIError": {
      "Type": "Task",
      "Comment": "Handle OCP API errors during job creation",
      "Resource": "arn:aws:states:::dynamodb:updateItem",
      "Parameters": {
        "TableName.$": "$.config.tableName",
        "Key": {
          "PK": {
            "S.$": "States.Format('CALL#{}', $.input.dialogGroupId)"
          },
          "SK": {
            "S": "RECONCILIATION"
          }
        },
        "UpdateExpression": "SET reconciliationStatus = :status, failureReason = :reason, errorDetails = :error, failedAt = :failedAt, lastUpdated = :now",
        "ExpressionAttributeValues": {
          ":status": {
            "S": "FAILED_OCP_API_ERROR"
          },
          ":reason": {
            "S": "Failed to create export job in OCP"
          },
          ":error": {
            "S.$": "States.JsonToString($.error)"
          },
          ":failedAt": {
            "S.$": "$$.State.EnteredTime"
          },
          ":now": {
            "S.$": "$$.State.EnteredTime"
          }
        }
      },
      "ResultPath": "$.failureUpdate",
      "Next": "SendToDeadLetterQueue"
    },

    "HandleUnknownStatus": {
      "Type": "Task",
      "Comment": "Handle unexpected export job status",
      "Resource": "arn:aws:states:::dynamodb:updateItem",
      "Parameters": {
        "TableName.$": "$.config.tableName",
        "Key": {
          "PK": {
            "S.$": "States.Format('CALL#{}', $.input.dialogGroupId)"
          },
          "SK": {
            "S": "RECONCILIATION"
          }
        },
        "UpdateExpression": "SET reconciliationStatus = :status, failureReason = :reason, unknownStatus = :unknownStatus, failedAt = :failedAt, lastUpdated = :now",
        "ExpressionAttributeValues": {
          ":status": {
            "S": "FAILED_UNKNOWN_STATUS"
          },
          ":reason": {
            "S": "Export job returned unexpected status"
          },
          ":unknownStatus": {
            "S.$": "$.statusCheck.status"
          },
          ":failedAt": {
            "S.$": "$$.State.EnteredTime"
          },
          ":now": {
            "S.$": "$$.State.EnteredTime"
          }
        }
      },
      "ResultPath": "$.failureUpdate",
      "Next": "SendToDeadLetterQueue"
    },

    "HandleParallelError": {
      "Type": "Task",
      "Comment": "Handle unexpected errors from parallel processing",
      "Resource": "arn:aws:states:::dynamodb:updateItem",
      "Parameters": {
        "TableName.$": "$.config.tableName",
        "Key": {
          "PK": {
            "S.$": "States.Format('CALL#{}', $.input.dialogGroupId)"
          },
          "SK": {
            "S": "RECONCILIATION"
          }
        },
        "UpdateExpression": "SET reconciliationStatus = :status, failureReason = :reason, errorDetails = :error, failedAt = :failedAt, lastUpdated = :now",
        "ExpressionAttributeValues": {
          ":status": {
            "S": "FAILED_PARALLEL_ERROR"
          },
          ":reason": {
            "S": "Unexpected error during parallel processing"
          },
          ":error": {
            "S.$": "States.JsonToString($.parallelError)"
          },
          ":failedAt": {
            "S.$": "$$.State.EnteredTime"
          },
          ":now": {
            "S.$": "$$.State.EnteredTime"
          }
        }
      },
      "ResultPath": "$.failureUpdate",
      "Next": "SendToDeadLetterQueue"
    },

    "HandleUnexpectedError": {
      "Type": "Task",
      "Comment": "Catch-all for unexpected errors",
      "Resource": "arn:aws:states:::dynamodb:updateItem",
      "Parameters": {
        "TableName.$": "$.config.tableName",
        "Key": {
          "PK": {
            "S.$": "States.Format('CALL#{}', $.input.dialogGroupId)"
          },
          "SK": {
            "S": "RECONCILIATION"
          }
        },
        "UpdateExpression": "SET reconciliationStatus = :status, failureReason = :reason, errorDetails = :error, failedAt = :failedAt, lastUpdated = :now",
        "ExpressionAttributeValues": {
          ":status": {
            "S": "FAILED_UNEXPECTED_ERROR"
          },
          ":reason": {
            "S": "Unexpected error during reconciliation"
          },
          ":error": {
            "S.$": "States.JsonToString($.error)"
          },
          ":failedAt": {
            "S.$": "$$.State.EnteredTime"
          },
          ":now": {
            "S.$": "$$.State.EnteredTime"
          }
        }
      },
      "ResultPath": "$.failureUpdate",
      "Next": "SendToDeadLetterQueue"
    },

    "SendToDeadLetterQueue": {
      "Type": "Task",
      "Comment": "Send failed reconciliation to DLQ for manual review or reprocessing",
      "Resource": "arn:aws:states:::sqs:sendMessage",
      "Parameters": {
        "QueueUrl.$": "$.config.dlqUrl",
        "MessageBody": {
          "dialogGroupId.$": "$.input.dialogGroupId",
          "callId.$": "$.input.callId",
          "exportJobId.$": "$.exportJob.exportJobId",
          "reconciliationStatus.$": "$.failureUpdate.Attributes.reconciliationStatus.S",
          "failureReason.$": "$.failureUpdate.Attributes.failureReason.S",
          "executionId.$": "$.context.executionId",
          "executionName.$": "$.context.executionName",
          "config.$": "$.config",
          "failedAt.$": "$$.State.EnteredTime",
          "retryCount.$": "$.context.retryCount"
        },
        "MessageAttributes": {
          "FailureType": {
            "DataType": "String",
            "StringValue.$": "$.failureUpdate.Attributes.reconciliationStatus.S"
          },
          "DialogGroupId": {
            "DataType": "String",
            "StringValue.$": "$.input.dialogGroupId"
          }
        }
      },
      "ResultPath": "$.dlqResult",
      "Next": "ReconciliationFailed"
    },

    "ReconciliationFailed": {
      "Type": "Fail",
      "Comment": "Reconciliation failed after error handling",
      "Error": "ReconciliationFailed",
      "Cause": "Reconciliation process failed - see DynamoDB and DLQ for details"
    }
  }
}
